Open,High,Low,Close,Adj Close,Volume,New_Open,Difference,ave_5D,grad_5D,ave_20D,grad_20D
38.432499,38.587502,38.2575,38.467499,36.415878,76942400,38.5,0.067501,38.4944992,-0.029,38.5058748,0.02024995